group,nn_nll,ss_nll,sn_nll
Training data,5.467934119847954,9.847110627488561,6.792714907838627
Validation data,5.501530715011843,9.997919808743951,7.0288018020064715
