group,nn_nll,ss_nll,sn_nll
Training data,6.3519238007773176,5.442068642948823,9.456179173105479
Validation data,6.2189418142492725,11.446097781240852,9.722783942097973
