group,nn_nll,ss_nll,sn_nll
Training data,6.027707647624244,5.500455285563418,9.17534115983485
Validation data,5.983249313361106,9.654971367347095,9.33932115834698
