group,nn_nll,ss_nll,sn_nll
Training data,5.7809150483072855,6.192086327000071,7.5426429154901005
Validation data,5.6886241172380565,8.326764516217178,7.705124924959868
