group,nn_nll,ss_nll,sn_nll
Training data,5.206500097629961,9.438416834507217,6.115155287611152
Validation data,5.266220188965417,9.591395000580777,6.396335486367304
